{
  "mode": "binary",
  "label_column": "NST_B_Label",
  "classes": [
    "0",
    "1"
  ],
  "metrics": {
    "DT": {
      "val_acc": 0.9725847612103536,
      "val_f1w": 0.9728322786071449,
      "test_acc": 0.9739720034995626,
      "test_f1w": 0.974213894038639
    },
    "RF": {
      "val_acc": 0.9772511848341232,
      "val_f1w": 0.9771544795962994,
      "test_acc": 0.977580927384077,
      "test_f1w": 0.977492826637197
    },
    "ANN": {
      "val_acc": 0.8761939482318629,
      "val_f1w": 0.852293389234912,
      "test_acc": 0.8801399825021873,
      "test_f1w": 0.8581129122342039
    }
  }
}