{
  "mode": "multi",
  "label_column": "NST_B_Label",
  "classes": [
    "0",
    "1"
  ],
  "metrics": {
    "DT": {
      "val_acc": 0.9924170616113744,
      "val_f1w": 0.9924254892059645,
      "test_acc": 0.9940944881889764,
      "test_f1w": 0.9941067565338217
    },
    "RF": {
      "val_acc": 0.9950419248997449,
      "val_f1w": 0.9950515380414883,
      "test_acc": 0.9951881014873141,
      "test_f1w": 0.9952010665680769
    },
    "ANN": {
      "val_acc": 0.981407218374043,
      "val_f1w": 0.9813614126961704,
      "test_acc": 0.9817366579177603,
      "test_f1w": 0.9817385690535742
    }
  }
}