{
  "mode": "binary",
  "label_column": "NST_B_Label",
  "classes": [
    "0",
    "1"
  ],
  "metrics": {
    "DT": {
      "test_acc": 0.5798971891064202,
      "test_f1w": 0.6121667497378871,
      "confusion_matrix": [
        [
          4820,
          2494
        ],
        [
          1347,
          482
        ]
      ]
    },
    "RF": {
      "test_acc": 0.7838783769003609,
      "test_f1w": 0.7238500418452637,
      "confusion_matrix": [
        [
          7043,
          271
        ],
        [
          1705,
          124
        ]
      ]
    },
    "ANN": {
      "test_acc": 0.22049655474133217,
      "test_f1w": 0.11632560482231634,
      "confusion_matrix": [
        [
          236,
          7078
        ],
        [
          49,
          1780
        ]
      ]
    }
  }
}