{
  "mode": "binary",
  "label_column": "NST_B_Label",
  "classes": [
    "0",
    "1"
  ],
  "metrics": {
    "DT": {
      "val_acc": 0.9940211447320452,
      "val_f1w": 0.994028616291548,
      "test_acc": 0.9940944881889764,
      "test_f1w": 0.9941079728770381
    },
    "RF": {
      "val_acc": 0.9937294932555596,
      "val_f1w": 0.9937390606862,
      "test_acc": 0.9948600174978127,
      "test_f1w": 0.9948733390813638
    },
    "ANN": {
      "val_acc": 0.9860736419978127,
      "val_f1w": 0.9859749584727499,
      "test_acc": 0.9875328083989501,
      "test_f1w": 0.9874553739194389
    }
  }
}