{
  "mode": "multi",
  "label_column": "NST_M_Label",
  "classes": [
    "Normal",
    "ddos",
    "ip-scan",
    "mitm",
    "port-scan",
    "replay"
  ],
  "metrics": {
    "DT": {
      "val_acc": 0.9827925628873496,
      "val_f1w": 0.9839434760862226,
      "test_acc": 0.9802055993000874,
      "test_f1w": 0.9815776132362636
    },
    "RF": {
      "val_acc": 0.9838862559241706,
      "val_f1w": 0.9850597948697539,
      "test_acc": 0.9823928258967629,
      "test_f1w": 0.9837845114877459
    },
    "ANN": {
      "val_acc": 0.9736784542471746,
      "val_f1w": 0.9748799525299576,
      "test_acc": 0.9753937007874016,
      "test_f1w": 0.9765297581562379
    }
  }
}