{
  "mode": "binary",
  "label_column": "NST_B_Label",
  "classes": [
    "0",
    "1"
  ],
  "metrics": {
    "DT": {
      "val_acc": 0.3794838145231846,
      "val_f1w": 0.3843937406004207,
      "test_acc": 0.36607240511867,
      "test_f1w": 0.3669425558589846
    },
    "RF": {
      "val_acc": 0.7445319335083115,
      "val_f1w": 0.7656509294953502,
      "test_acc": 0.7360822487148638,
      "test_f1w": 0.7578896020224435
    },
    "ANN": {
      "val_acc": 0.8621318168562263,
      "val_f1w": 0.8368620285632584,
      "test_acc": 0.8594553210106092,                                                                                
      "test_f1w": 0.8338339056795856
    }
  }
}