{
  "mode": "binary",
  "label_column": "NST_B_Label",
  "classes": [
    "0",
    "1"
  ],
  "metrics": {
    "DT": {
      "val_acc": 0.9938753189938024,
      "val_f1w": 0.9938838187958063,
      "test_acc": 0.9954068241469817,
      "test_f1w": 0.9954182568079158
    },
    "RF": {
      "val_acc": 0.9939482318629238,
      "val_f1w": 0.9939537008883954,
      "test_acc": 0.9950787401574803,
      "test_f1w": 0.9950884563753181
    },
    "ANN": {
      "val_acc": 0.9738971928545388,
      "val_f1w": 0.9734069631106141,
      "test_acc": 0.976596675415573,
      "test_f1w": 0.9762451703737872
    }
  }
}