{
  "mode": "multi",
  "label_column": "NST_M_Label",
  "classes": [
    "Normal",
    "ddos",
    "ip-scan",
    "mitm",
    "port-scan",
    "replay"
  ],
  "metrics": {
    "DT": {
      "val_acc": 0.9893547211082756,
      "val_f1w": 0.9893395478664274,
      "test_acc": 0.9913604549431321,
      "test_f1w": 0.9913354008114172
    },
    "RF": {
      "val_acc": 0.993437841779074,
      "val_f1w": 0.9934098736724797,
      "test_acc": 0.9956255468066492,
      "test_f1w": 0.9956125104723319
    },
    "ANN": {
      "val_acc": 0.978490703609187,
      "val_f1w": 0.9786248398340305,
      "test_acc": 0.9786745406824147,
      "test_f1w": 0.9786922750438188
    }
  }
}