{
  "mode": "multi",
  "label_column": "NST_B_Label",
  "classes": [
    "0",
    "1"
  ],
  "metrics": {
    "DT": {
      "val_acc": 0.9925628873496172,
      "val_f1w": 0.9925701234397909,
      "test_acc": 0.9940944881889764,
      "test_f1w": 0.9941091873244632
    },
    "RF": {
      "val_acc": 0.9953335763762304,
      "val_f1w": 0.995340696324614,
      "test_acc": 0.9959536307961505,
      "test_f1w": 0.9959607843138244
    },
    "ANN": {
      "val_acc": 0.987240247903755,
      "val_f1w": 0.9871535751719013,
      "test_acc": 0.9873140857392826,
      "test_f1w": 0.9872463737621407
    }
  }
}