{
  "mode": "multi",
  "label_column": "NST_M_Label",
  "classes": [
    "Normal",
    "ddos",
    "ip-scan",
    "mitm",
    "port-scan",
    "replay"
  ],
  "metrics": {
    "DT": {
      "val_acc": 0.9825738242799854,
      "val_f1w": 0.98370540058617,
      "test_acc": 0.9802055993000874,
      "test_f1w": 0.9815924117267458
    },
    "RF": {
      "val_acc": 0.9838133430550492,
      "val_f1w": 0.9849970925581073,
      "test_acc": 0.9825021872265967,
      "test_f1w": 0.9839151077651651
    },
    "ANN": {
      "val_acc": 0.9744075829383886,
      "val_f1w": 0.9756409855358951,
      "test_acc": 0.9760498687664042,
      "test_f1w": 0.9772402490002514
    }
  }
}