{
  "mode": "binary",
  "label_column": "NST_B_Label",
  "classes": [
    "0",
    "1"
  ],
  "metrics": {
    "DT": {
      "val_acc": 0.3819626713327501,
      "val_f1w": 0.38793243857765564,
      "test_acc": 0.36902548397681284,
      "test_f1w": 0.37066947926150345
    },
    "RF": {
      "val_acc": 0.7445319335083115,
      "val_f1w": 0.765773246553619,
      "test_acc": 0.7396915673192607,
      "test_f1w": 0.7613281156313253
    },
    "ANN": {
      "val_acc": 0.8564450277048702,
      "val_f1w": 0.8272774307172837,
      "test_acc": 0.8558460024062124,
      "test_f1w": 0.8268263563029481
    }
  }
}