{
  "mode": "multi",
  "label_column": "NST_M_Label",
  "classes": [
    "Normal",
    "ddos",
    "ip-scan",
    "mitm",
    "port-scan",
    "replay"
  ],
  "metrics": {
    "DT": {
      "val_acc": 0.990521327014218,
      "val_f1w": 0.9905276860373996,
      "test_acc": 0.9924540682414699,
      "test_f1w": 0.992445669314578
    },
    "RF": {
      "val_acc": 0.9918337586584032,
      "val_f1w": 0.9917822749635965,
      "test_acc": 0.9939851268591426,
      "test_f1w": 0.9939588876763261
    },
    "ANN": {
      "val_acc": 0.9773240977032446,
      "val_f1w": 0.9782159745013258,
      "test_acc": 0.977580927384077,
      "test_f1w": 0.9785378676358529
    }
  }
}